TRUNCATE TABLE "user", classroom, class_session, students, attendance, assignment, assignment_submission, tests, test_attempt RESTART IDENTITY CASCADE;

-- CLASSROOM
INSERT INTO classroom (name, section, school_id) VALUES ('Class X', 'A', 1);

-- CLASS SESSIONS
INSERT INTO class_session (classroom_id, subject, date, start_time) VALUES
(1, 'Math', '2026-04-01', '09:00:00'),
(1, 'Math', '2026-04-02', '09:00:00'),
(1, 'Math', '2026-04-03', '09:00:00'),
(1, 'Math', '2026-04-04', '09:00:00'),
(1, 'Math', '2026-04-05', '09:00:00'),
(1, 'Math', '2026-04-06', '09:00:00'),
(1, 'Math', '2026-04-07', '09:00:00'),
(1, 'Math', '2026-04-08', '09:00:00'),
(1, 'Math', '2026-04-09', '09:00:00'),
(1, 'Math', '2026-04-10', '09:00:00');

-- USERS (Base table for foreign keys)
INSERT INTO "user" (name, phone, role) VALUES
('AKUTHOTA VAIBHAVI REDDY', '919718661116', 'student'),
('AMREEN BEGUM', '919744395922', 'student'),
('AMUDALAPALLI MANI SHANKAR', '919500732593', 'student'),
('ANNAVARAM LEELA MEGHANA', '919438277454', 'student'),
('APPANA MANASA', '919656447773', 'student'),
('ASHANNAGARI ARUSH REDDY', '919620714116', 'student'),
('BANOOR AKSHATHA KATHYAYANI', '919505560668', 'student'),
('BODDULA SRIJA', '919943549909', 'student'),
('CHADALA SHRI KRUSHNA VARDHAN', '919842925660', 'student'),
('CHERAKA VAISHNAVI', '919916622078', 'student'),
('CHOWDAVARAPU BHARATH', '919419941914', 'student'),
('DABBETA PRANAYA', '919393596762', 'student'),
('DEVULAPELLI RANADHEER', '919301726502', 'student'),
('DHANAVATH ANJALI', '919997030372', 'student'),
('DUVVAPU SAI HARSHAVARDHAN', '919652047829', 'student'),
('E PRAVALIKA', '919987535676', 'student'),
('ELAKA SAI DHEERAJ REDDY', '919389965409', 'student'),
('ELURI NIKITHA', '919121012661', 'student'),
('GANGISHETTI DEVAAMSH', '919926884180', 'student'),
('GAURISH MATTOO', '919219158870', 'student'),
('GODALA VARSHANTH REDDY', '919261920199', 'student'),
('GOJURI AAKRUTHI', '919623348969', 'student'),
('GOLLA AJAY YADAV', '919664579008', 'student'),
('GUDIMALLA SUHITHA', '919410351248', 'student'),
('GUDURU VENKATA SAI BRAHMA TEJAS', '919867273633', 'student'),
('HAMSINI AAVULA', '919505157951', 'student'),
('JATAVATH VAISHNAVI', '919247112477', 'student'),
('KAKARLA CHARITH', '917799663979', 'student'),
('KANDUKURI GAYATHRI', '919666282958', 'student'),
('KANTAMANENI SAI SHREYA', '919472796017', 'student'),
('KASHYAP VATTIKONDA', '919406673644', 'student'),
('KATKURI HARINATH REDDY', '919794031099', 'student'),
('KATTA NEEHAR', '919435436321', 'student'),
('KELAVATH ESHWAR', '919146529434', 'student'),
('KOLLURU PUNEETH SAI GOUTAM', '919563913721', 'student'),
('KUMBAM SATHWIK', '919137296352', 'student'),
('LAKSHMI SATHWIK VENGALA', '919451415395', 'student'),
('LINGUTLA SRI VARSHINI', '919226179076', 'student'),
('MADDI AKSHAY', '919313663251', 'student'),
('NAREDDY VARUN REDDY', '919373745044', 'student'),
('NIMMALA HASINI REDDY', '919127689570', 'student'),
('PALAKURTHI SREEMANTH', '919223960536', 'student'),
('PANKAJ DHANDA', '919646457289', 'student'),
('PASUMARTHI SAI SRINIVASA KAUSHIK', '919848198580', 'student'),
('PENUMATHSA AKSHAYA', '919846900208', 'student'),
('POTHARAJU SRINIVAS', '919521224981', 'student'),
('POTLAPALLY PARTHU', '919618045696', 'student'),
('RAJAMMAGARI HASAN BABU', '919269275697', 'student'),
('RAMAVATH SURESH', '919289668260', 'student'),
('RAMINI SRIVALLI', '919529349266', 'student'),
('RAPHEL PAMEDIPAGA', '919346233677', 'student'),
('RATHNAPURAM HRUSHIKESH', '919546842787', 'student'),
('SADDI VAMSHIDHAR REDDY', '919344774904', 'student'),
('SHAGA SWAMI AGNIVESH', '919772867937', 'student'),
('SHAIK SHAHEEM TAJ', '919613913804', 'student'),
('SIRA HAINDAVI', '919366478987', 'student'),
('SOMA NANDINI', '919182308298', 'student'),
('SUSHANTH KARTIKEYA NAKKA', '919121542524', 'student'),
('TALUPULA DURGA SAI PRANAV', '919920614243', 'student'),
('THATI SREEJA', '919649985753', 'student'),
('THOUTI SAI KIRAN', '919879318227', 'student'),
('VARSHITHA BEERAM', '919623420806', 'student'),
('VEJELLA MONVITA SAI', '919204077067', 'student'),
('YADAVALLY DEVAKI REDDY', '919255499859', 'student'),
('YAMSANI SAMHITA', '919670016196', 'student'),
('YELGURI SHIVA KUMAR', '919173563473', 'student'),
('AKANKSHA BHOSLE', '919726177389', 'student'),
('B.ANJALI', '919501287608', 'student'),
('D.SANDEEP', '919793084915', 'student'),
('DANIYA RUB', '919673152328', 'student'),
('M.HRUSHIKESH', '919428235781', 'student'),
('PRANATHI RATHOD', '919576305490', 'student'),
('P.SHIVANI', '919640246991', 'student');

-- STUDENTS
INSERT INTO students (name, roll_no, parent_phone, attendance_percentage, math_grade, science_grade) VALUES
('AKUTHOTA VAIBHAVI REDDY', '23071A6601', '919669321874', 70, 73, 50),
('AMREEN BEGUM', '23071A6602', '919644747127', 66, 54, 60),
('AMUDALAPALLI MANI SHANKAR', '23071A6603', '919391750821', 93, 56, 61),
('ANNAVARAM LEELA MEGHANA', '23071A6604', '919841451249', 97, 95, 94),
('APPANA MANASA', '23071A6605', '919676846608', 92, 62, 83),
('ASHANNAGARI ARUSH REDDY', '23071A6606', '919530378325', 83, 66, 68),
('BANOOR AKSHATHA KATHYAYANI', '23071A6607', '919310635787', 72, 58, 74),
('BODDULA SRIJA', '23071A6608', '919526738960', 96, 66, 63),
('CHADALA SHRI KRUSHNA VARDHAN', '23071A6609', '919309535321', 90, 66, 53),
('CHERAKA VAISHNAVI', '23071A6610', '919748597748', 69, 53, 77),
('CHOWDAVARAPU BHARATH', '23071A6611', '919942939181', 98, 66, 98),
('DABBETA PRANAYA', '23071A6612', '919408950589', 72, 97, 62),
('DEVULAPELLI RANADHEER', '23071A6613', '919284045438', 88, 65, 74),
('DHANAVATH ANJALI', '23071A6614', '919561600586', 71, 78, 86),
('DUVVAPU SAI HARSHAVARDHAN', '23071A6615', '919153090330', 83, 96, 82),
('E PRAVALIKA', '23071A6616', '919887573226', 87, 94, 94),
('ELAKA SAI DHEERAJ REDDY', '23071A6617', '919269959377', 72, 51, 82),
('ELURI NIKITHA', '23071A6618', '919253667606', 73, 77, 93),
('GANGISHETTI DEVAAMSH', '23071A6619', '919964386388', 92, 89, 65),
('GAURISH MATTOO', '23071A6620', '919560996962', 75, 88, 87),
('GODALA VARSHANTH REDDY', '23071A6621', '919905829550', 77, 94, 63),
('GOJURI AAKRUTHI', '23071A6622', '919910988930', 66, 73, 60),
('GOLLA AJAY YADAV', '23071A6623', '919484556911', 71, 75, 68),
('GUDIMALLA SUHITHA', '23071A6624', '919875668847', 70, 61, 91),
('GUDURU VENKATA SAI BRAHMA TEJAS', '23071A6625', '919986140703', 74, 73, 86),
('HAMSINI AAVULA', '23071A6626', '919118895915', 78, 77, 76),
('JATAVATH VAISHNAVI', '23071A6627', '919498774465', 95, 73, 71),
('KAKARLA CHARITH', '23071A6628', '917799663979', 80, 55, 62),
('KANDUKURI GAYATHRI', '23071A6629', '919929552313', 86, 51, 67),
('KANTAMANENI SAI SHREYA', '23071A6630', '919281811442', 78, 69, 90),
('KASHYAP VATTIKONDA', '23071A6631', '919873778503', 78, 65, 61),
('KATKURI HARINATH REDDY', '23071A6632', '919919259686', 74, 51, 96),
('KATTA NEEHAR', '23071A6633', '919448531367', 82, 93, 61),
('KELAVATH ESHWAR', '23071A6634', '919590038212', 98, 95, 66),
('KOLLURU PUNEETH SAI GOUTAM', '23071A6635', '919679849109', 69, 98, 76),
('KUMBAM SATHWIK', '23071A6636', '919587204817', 87, 81, 63),
('LAKSHMI SATHWIK VENGALA', '23071A6637', '919474618598', 86, 76, 58),
('LINGUTLA SRI VARSHINI', '23071A6638', '919400185696', 65, 85, 72),
('MADDI AKSHAY', '23071A6639', '919181286464', 78, 57, 82),
('NAREDDY VARUN REDDY', '23071A6640', '919271933919', 92, 63, 61),
('NIMMALA HASINI REDDY', '23071A6641', '919406851302', 74, 96, 90),
('PALAKURTHI SREEMANTH', '23071A6642', '919658785427', 65, 79, 53),
('PANKAJ DHANDA', '23071A6643', '919775364370', 98, 59, 66),
('PASUMARTHI SAI SRINIVASA KAUSHIK', '23071A6644', '919187688597', 66, 80, 68),
('PENUMATHSA AKSHAYA', '23071A6645', '919376071862', 85, 88, 54),
('POTHARAJU SRINIVAS', '23071A6646', '919803591994', 77, 91, 78),
('POTLAPALLY PARTHU', '23071A6647', '919259367284', 65, 84, 92),
('RAJAMMAGARI HASAN BABU', '23071A6648', '919818027511', 70, 71, 55),
('RAMAVATH SURESH', '23071A6649', '919147699604', 69, 92, 63),
('RAMINI SRIVALLI', '23071A6650', '919488285573', 89, 89, 59),
('RAPHEL PAMEDIPAGA', '23071A6651', '919289051977', 78, 74, 79),
('RATHNAPURAM HRUSHIKESH', '23071A6652', '919324632157', 65, 88, 59),
('SADDI VAMSHIDHAR REDDY', '23071A6653', '919234109149', 67, 52, 81),
('SHAGA SWAMI AGNIVESH', '23071A6654', '919150784700', 91, 59, 76),
('SHAIK SHAHEEM TAJ', '23071A6655', '919241245318', 76, 93, 54),
('SIRA HAINDAVI', '23071A6656', '919197904150', 70, 92, 63),
('SOMA NANDINI', '23071A6657', '919301882179', 92, 69, 65),
('SUSHANTH KARTIKEYA NAKKA', '23071A6658', '919740109851', 80, 59, 79),
('TALUPULA DURGA SAI PRANAV', '23071A6659', '919745312810', 96, 97, 72),
('THATI SREEJA', '23071A6660', '919648965818', 90, 84, 91),
('THOUTI SAI KIRAN', '23071A6661', '919254206256', 98, 74, 95),
('VARSHITHA BEERAM', '23071A6662', '919464335174', 70, 86, 88),
('VEJELLA MONVITA SAI', '23071A6663', '919691944878', 74, 50, 95),
('YADAVALLY DEVAKI REDDY', '23071A6664', '919730057082', 65, 94, 50),
('YAMSANI SAMHITA', '23071A6665', '919835420962', 83, 58, 55),
('YELGURI SHIVA KUMAR', '23071A6666', '919849499554', 93, 69, 70),
('AKANKSHA BHOSLE', '24075A6601', '919348705079', 90, 68, 64),
('B.ANJALI', '24075A6602', '919199256679', 91, 58, 75),
('D.SANDEEP', '24075A6603', '919384792430', 76, 73, 70),
('DANIYA RUB', '24075A6604', '919500144152', 78, 92, 94),
('M.HRUSHIKESH', '24075A6605', '919528262520', 99, 75, 62),
('PRANATHI RATHOD', '24075A6606', '919669583204', 79, 86, 64),
('P.SHIVANI', '24075A6607', '919584004219', 90, 70, 68);

-- ATTENDANCE
INSERT INTO attendance (student_id, session_id, status) VALUES
(1, 1, 'present'),
(1, 2, 'absent'),
(1, 3, 'present'),
(1, 4, 'present'),
(1, 5, 'present'),
(1, 6, 'absent'),
(1, 7, 'present'),
(1, 8, 'present'),
(1, 9, 'present'),
(1, 10, 'present'),
(2, 1, 'present'),
(2, 2, 'present'),
(2, 3, 'present'),
(2, 4, 'present'),
(2, 5, 'absent'),
(2, 6, 'present'),
(2, 7, 'present'),
(2, 8, 'present'),
(2, 9, 'late'),
(2, 10, 'present'),
(3, 1, 'present'),
(3, 2, 'present'),
(3, 3, 'present'),
(3, 4, 'present'),
(3, 5, 'present'),
(3, 6, 'present'),
(3, 7, 'absent'),
(3, 8, 'present'),
(3, 9, 'absent'),
(3, 10, 'present'),
(4, 1, 'present'),
(4, 2, 'late'),
(4, 3, 'present'),
(4, 4, 'present'),
(4, 5, 'absent'),
(4, 6, 'present'),
(4, 7, 'absent'),
(4, 8, 'present'),
(4, 9, 'absent'),
(4, 10, 'present'),
(5, 1, 'present'),
(5, 2, 'present'),
(5, 3, 'present'),
(5, 4, 'present'),
(5, 5, 'present'),
(5, 6, 'present'),
(5, 7, 'present'),
(5, 8, 'present'),
(5, 9, 'present'),
(5, 10, 'present'),
(6, 1, 'present'),
(6, 2, 'present'),
(6, 3, 'present'),
(6, 4, 'present'),
(6, 5, 'present'),
(6, 6, 'present'),
(6, 7, 'absent'),
(6, 8, 'present'),
(6, 9, 'present'),
(6, 10, 'present'),
(7, 1, 'present'),
(7, 2, 'late'),
(7, 3, 'present'),
(7, 4, 'present'),
(7, 5, 'present'),
(7, 6, 'present'),
(7, 7, 'late'),
(7, 8, 'present'),
(7, 9, 'present'),
(7, 10, 'late'),
(8, 1, 'present'),
(8, 2, 'absent'),
(8, 3, 'present'),
(8, 4, 'present'),
(8, 5, 'present'),
(8, 6, 'present'),
(8, 7, 'present'),
(8, 8, 'present'),
(8, 9, 'present'),
(8, 10, 'present'),
(9, 1, 'late'),
(9, 2, 'present'),
(9, 3, 'present'),
(9, 4, 'present'),
(9, 5, 'absent'),
(9, 6, 'present'),
(9, 7, 'present'),
(9, 8, 'present'),
(9, 9, 'present'),
(9, 10, 'present'),
(10, 1, 'present'),
(10, 2, 'present'),
(10, 3, 'present'),
(10, 4, 'present'),
(10, 5, 'present'),
(10, 6, 'present'),
(10, 7, 'present'),
(10, 8, 'present'),
(10, 9, 'present'),
(10, 10, 'present'),
(11, 1, 'present'),
(11, 2, 'present'),
(11, 3, 'present'),
(11, 4, 'present'),
(11, 5, 'present'),
(11, 6, 'present'),
(11, 7, 'present'),
(11, 8, 'present'),
(11, 9, 'present'),
(11, 10, 'present'),
(12, 1, 'present'),
(12, 2, 'present'),
(12, 3, 'present'),
(12, 4, 'present'),
(12, 5, 'present'),
(12, 6, 'present'),
(12, 7, 'present'),
(12, 8, 'absent'),
(12, 9, 'present'),
(12, 10, 'present'),
(13, 1, 'present'),
(13, 2, 'present'),
(13, 3, 'present'),
(13, 4, 'present'),
(13, 5, 'present'),
(13, 6, 'late'),
(13, 7, 'present'),
(13, 8, 'present'),
(13, 9, 'present'),
(13, 10, 'absent'),
(14, 1, 'present'),
(14, 2, 'present'),
(14, 3, 'present'),
(14, 4, 'present'),
(14, 5, 'late'),
(14, 6, 'present'),
(14, 7, 'present'),
(14, 8, 'present'),
(14, 9, 'present'),
(14, 10, 'present'),
(15, 1, 'late'),
(15, 2, 'present'),
(15, 3, 'present'),
(15, 4, 'present'),
(15, 5, 'present'),
(15, 6, 'present'),
(15, 7, 'present'),
(15, 8, 'present'),
(15, 9, 'present'),
(15, 10, 'present'),
(16, 1, 'present'),
(16, 2, 'present'),
(16, 3, 'late'),
(16, 4, 'present'),
(16, 5, 'present'),
(16, 6, 'present'),
(16, 7, 'present'),
(16, 8, 'present'),
(16, 9, 'present'),
(16, 10, 'present'),
(17, 1, 'present'),
(17, 2, 'present'),
(17, 3, 'present'),
(17, 4, 'present'),
(17, 5, 'present'),
(17, 6, 'present'),
(17, 7, 'present'),
(17, 8, 'late'),
(17, 9, 'present'),
(17, 10, 'late'),
(18, 1, 'present'),
(18, 2, 'present'),
(18, 3, 'present'),
(18, 4, 'present'),
(18, 5, 'present'),
(18, 6, 'present'),
(18, 7, 'present'),
(18, 8, 'present'),
(18, 9, 'late'),
(18, 10, 'present'),
(19, 1, 'present'),
(19, 2, 'present'),
(19, 3, 'present'),
(19, 4, 'present'),
(19, 5, 'present'),
(19, 6, 'present'),
(19, 7, 'late'),
(19, 8, 'present'),
(19, 9, 'present'),
(19, 10, 'present'),
(20, 1, 'present'),
(20, 2, 'present'),
(20, 3, 'present'),
(20, 4, 'present'),
(20, 5, 'present'),
(20, 6, 'present'),
(20, 7, 'late'),
(20, 8, 'present'),
(20, 9, 'present'),
(20, 10, 'absent'),
(21, 1, 'present'),
(21, 2, 'present'),
(21, 3, 'present'),
(21, 4, 'present'),
(21, 5, 'present'),
(21, 6, 'late'),
(21, 7, 'present'),
(21, 8, 'present'),
(21, 9, 'present'),
(21, 10, 'present'),
(22, 1, 'present'),
(22, 2, 'present'),
(22, 3, 'present'),
(22, 4, 'late'),
(22, 5, 'present'),
(22, 6, 'present'),
(22, 7, 'present'),
(22, 8, 'present'),
(22, 9, 'late'),
(22, 10, 'present'),
(23, 1, 'present'),
(23, 2, 'late'),
(23, 3, 'present'),
(23, 4, 'present'),
(23, 5, 'absent'),
(23, 6, 'present'),
(23, 7, 'present'),
(23, 8, 'present'),
(23, 9, 'present'),
(23, 10, 'present'),
(24, 1, 'present'),
(24, 2, 'late'),
(24, 3, 'present'),
(24, 4, 'present'),
(24, 5, 'present'),
(24, 6, 'present'),
(24, 7, 'absent'),
(24, 8, 'present'),
(24, 9, 'present'),
(24, 10, 'present'),
(25, 1, 'absent'),
(25, 2, 'present'),
(25, 3, 'late'),
(25, 4, 'late'),
(25, 5, 'present'),
(25, 6, 'present'),
(25, 7, 'present'),
(25, 8, 'present'),
(25, 9, 'present'),
(25, 10, 'present'),
(26, 1, 'present'),
(26, 2, 'present'),
(26, 3, 'present'),
(26, 4, 'late'),
(26, 5, 'present'),
(26, 6, 'present'),
(26, 7, 'absent'),
(26, 8, 'present'),
(26, 9, 'absent'),
(26, 10, 'present'),
(27, 1, 'present'),
(27, 2, 'late'),
(27, 3, 'present'),
(27, 4, 'present'),
(27, 5, 'present'),
(27, 6, 'present'),
(27, 7, 'present'),
(27, 8, 'present'),
(27, 9, 'present'),
(27, 10, 'present'),
(28, 1, 'absent'),
(28, 2, 'present'),
(28, 3, 'present'),
(28, 4, 'present'),
(28, 5, 'present'),
(28, 6, 'present'),
(28, 7, 'present'),
(28, 8, 'present'),
(28, 9, 'present'),
(28, 10, 'late'),
(29, 1, 'present'),
(29, 2, 'present'),
(29, 3, 'present'),
(29, 4, 'present'),
(29, 5, 'late'),
(29, 6, 'absent'),
(29, 7, 'present'),
(29, 8, 'present'),
(29, 9, 'present'),
(29, 10, 'late'),
(30, 1, 'present'),
(30, 2, 'present'),
(30, 3, 'absent'),
(30, 4, 'present'),
(30, 5, 'late'),
(30, 6, 'present'),
(30, 7, 'present'),
(30, 8, 'present'),
(30, 9, 'present'),
(30, 10, 'present'),
(31, 1, 'present'),
(31, 2, 'present'),
(31, 3, 'present'),
(31, 4, 'present'),
(31, 5, 'present'),
(31, 6, 'present'),
(31, 7, 'absent'),
(31, 8, 'present'),
(31, 9, 'present'),
(31, 10, 'present'),
(32, 1, 'present'),
(32, 2, 'late'),
(32, 3, 'present'),
(32, 4, 'present'),
(32, 5, 'late'),
(32, 6, 'late'),
(32, 7, 'present'),
(32, 8, 'present'),
(32, 9, 'present'),
(32, 10, 'present'),
(33, 1, 'present'),
(33, 2, 'present'),
(33, 3, 'present'),
(33, 4, 'late'),
(33, 5, 'present'),
(33, 6, 'present'),
(33, 7, 'late'),
(33, 8, 'present'),
(33, 9, 'present'),
(33, 10, 'absent'),
(34, 1, 'present'),
(34, 2, 'present'),
(34, 3, 'present'),
(34, 4, 'present'),
(34, 5, 'present'),
(34, 6, 'present'),
(34, 7, 'present'),
(34, 8, 'present'),
(34, 9, 'absent'),
(34, 10, 'absent'),
(35, 1, 'present'),
(35, 2, 'present'),
(35, 3, 'present'),
(35, 4, 'present'),
(35, 5, 'present'),
(35, 6, 'present'),
(35, 7, 'present'),
(35, 8, 'present'),
(35, 9, 'present'),
(35, 10, 'present'),
(36, 1, 'present'),
(36, 2, 'present'),
(36, 3, 'present'),
(36, 4, 'present'),
(36, 5, 'present'),
(36, 6, 'late'),
(36, 7, 'present'),
(36, 8, 'present'),
(36, 9, 'present'),
(36, 10, 'present'),
(37, 1, 'present'),
(37, 2, 'present'),
(37, 3, 'absent'),
(37, 4, 'present'),
(37, 5, 'present'),
(37, 6, 'present'),
(37, 7, 'present'),
(37, 8, 'present'),
(37, 9, 'absent'),
(37, 10, 'present'),
(38, 1, 'present'),
(38, 2, 'late'),
(38, 3, 'present'),
(38, 4, 'present'),
(38, 5, 'absent'),
(38, 6, 'present'),
(38, 7, 'present'),
(38, 8, 'present'),
(38, 9, 'present'),
(38, 10, 'present'),
(39, 1, 'present'),
(39, 2, 'present'),
(39, 3, 'absent'),
(39, 4, 'absent'),
(39, 5, 'present'),
(39, 6, 'present'),
(39, 7, 'present'),
(39, 8, 'present'),
(39, 9, 'present'),
(39, 10, 'present'),
(40, 1, 'present'),
(40, 2, 'present'),
(40, 3, 'present'),
(40, 4, 'present'),
(40, 5, 'present'),
(40, 6, 'absent'),
(40, 7, 'absent'),
(40, 8, 'present'),
(40, 9, 'present'),
(40, 10, 'present'),
(41, 1, 'present'),
(41, 2, 'present'),
(41, 3, 'present'),
(41, 4, 'present'),
(41, 5, 'present'),
(41, 6, 'late'),
(41, 7, 'present'),
(41, 8, 'present'),
(41, 9, 'present'),
(41, 10, 'present'),
(42, 1, 'present'),
(42, 2, 'present'),
(42, 3, 'late'),
(42, 4, 'present'),
(42, 5, 'present'),
(42, 6, 'present'),
(42, 7, 'present'),
(42, 8, 'present'),
(42, 9, 'present'),
(42, 10, 'present'),
(43, 1, 'present'),
(43, 2, 'present'),
(43, 3, 'present'),
(43, 4, 'present'),
(43, 5, 'present'),
(43, 6, 'present'),
(43, 7, 'present'),
(43, 8, 'present'),
(43, 9, 'present'),
(43, 10, 'present'),
(44, 1, 'present'),
(44, 2, 'present'),
(44, 3, 'present'),
(44, 4, 'present'),
(44, 5, 'present'),
(44, 6, 'present'),
(44, 7, 'present'),
(44, 8, 'present'),
(44, 9, 'present'),
(44, 10, 'present'),
(45, 1, 'present'),
(45, 2, 'present'),
(45, 3, 'late'),
(45, 4, 'present'),
(45, 5, 'absent'),
(45, 6, 'present'),
(45, 7, 'present'),
(45, 8, 'present'),
(45, 9, 'present'),
(45, 10, 'absent'),
(46, 1, 'present'),
(46, 2, 'late'),
(46, 3, 'present'),
(46, 4, 'absent'),
(46, 5, 'present'),
(46, 6, 'present'),
(46, 7, 'present'),
(46, 8, 'present'),
(46, 9, 'present'),
(46, 10, 'present'),
(47, 1, 'present'),
(47, 2, 'present'),
(47, 3, 'present'),
(47, 4, 'present'),
(47, 5, 'present'),
(47, 6, 'present'),
(47, 7, 'present'),
(47, 8, 'late'),
(47, 9, 'late'),
(47, 10, 'absent'),
(48, 1, 'present'),
(48, 2, 'present'),
(48, 3, 'present'),
(48, 4, 'present'),
(48, 5, 'present'),
(48, 6, 'present'),
(48, 7, 'late'),
(48, 8, 'absent'),
(48, 9, 'late'),
(48, 10, 'present'),
(49, 1, 'present'),
(49, 2, 'absent'),
(49, 3, 'absent'),
(49, 4, 'present'),
(49, 5, 'late'),
(49, 6, 'absent'),
(49, 7, 'late'),
(49, 8, 'present'),
(49, 9, 'present'),
(49, 10, 'present'),
(50, 1, 'present'),
(50, 2, 'late'),
(50, 3, 'late'),
(50, 4, 'present'),
(50, 5, 'present'),
(50, 6, 'present'),
(50, 7, 'present'),
(50, 8, 'absent'),
(50, 9, 'present'),
(50, 10, 'present'),
(51, 1, 'present'),
(51, 2, 'present'),
(51, 3, 'present'),
(51, 4, 'present'),
(51, 5, 'present'),
(51, 6, 'present'),
(51, 7, 'present'),
(51, 8, 'present'),
(51, 9, 'present'),
(51, 10, 'present'),
(52, 1, 'present'),
(52, 2, 'present'),
(52, 3, 'absent'),
(52, 4, 'present'),
(52, 5, 'present'),
(52, 6, 'present'),
(52, 7, 'present'),
(52, 8, 'present'),
(52, 9, 'present'),
(52, 10, 'present'),
(53, 1, 'present'),
(53, 2, 'present'),
(53, 3, 'present'),
(53, 4, 'absent'),
(53, 5, 'present'),
(53, 6, 'present'),
(53, 7, 'present'),
(53, 8, 'present'),
(53, 9, 'present'),
(53, 10, 'present'),
(54, 1, 'absent'),
(54, 2, 'present'),
(54, 3, 'present'),
(54, 4, 'absent'),
(54, 5, 'present'),
(54, 6, 'present'),
(54, 7, 'present'),
(54, 8, 'present'),
(54, 9, 'present'),
(54, 10, 'present'),
(55, 1, 'present'),
(55, 2, 'present'),
(55, 3, 'absent'),
(55, 4, 'present'),
(55, 5, 'present'),
(55, 6, 'present'),
(55, 7, 'absent'),
(55, 8, 'present'),
(55, 9, 'present'),
(55, 10, 'present'),
(56, 1, 'present'),
(56, 2, 'absent'),
(56, 3, 'present'),
(56, 4, 'late'),
(56, 5, 'present'),
(56, 6, 'present'),
(56, 7, 'present'),
(56, 8, 'present'),
(56, 9, 'present'),
(56, 10, 'absent'),
(57, 1, 'late'),
(57, 2, 'present'),
(57, 3, 'present'),
(57, 4, 'present'),
(57, 5, 'present'),
(57, 6, 'present'),
(57, 7, 'present'),
(57, 8, 'late'),
(57, 9, 'present'),
(57, 10, 'present'),
(58, 1, 'present'),
(58, 2, 'present'),
(58, 3, 'present'),
(58, 4, 'present'),
(58, 5, 'present'),
(58, 6, 'late'),
(58, 7, 'present'),
(58, 8, 'present'),
(58, 9, 'present'),
(58, 10, 'present'),
(59, 1, 'present'),
(59, 2, 'present'),
(59, 3, 'present'),
(59, 4, 'present'),
(59, 5, 'present'),
(59, 6, 'present'),
(59, 7, 'absent'),
(59, 8, 'present'),
(59, 9, 'present'),
(59, 10, 'present'),
(60, 1, 'present'),
(60, 2, 'present'),
(60, 3, 'present'),
(60, 4, 'present'),
(60, 5, 'present'),
(60, 6, 'present'),
(60, 7, 'present'),
(60, 8, 'present'),
(60, 9, 'present'),
(60, 10, 'absent'),
(61, 1, 'present'),
(61, 2, 'present'),
(61, 3, 'present'),
(61, 4, 'absent'),
(61, 5, 'late'),
(61, 6, 'late'),
(61, 7, 'present'),
(61, 8, 'present'),
(61, 9, 'present'),
(61, 10, 'present'),
(62, 1, 'present'),
(62, 2, 'present'),
(62, 3, 'present'),
(62, 4, 'present'),
(62, 5, 'present'),
(62, 6, 'present'),
(62, 7, 'present'),
(62, 8, 'present'),
(62, 9, 'present'),
(62, 10, 'present'),
(63, 1, 'present'),
(63, 2, 'present'),
(63, 3, 'present'),
(63, 4, 'present'),
(63, 5, 'absent'),
(63, 6, 'present'),
(63, 7, 'late'),
(63, 8, 'present'),
(63, 9, 'present'),
(63, 10, 'absent'),
(64, 1, 'present'),
(64, 2, 'present'),
(64, 3, 'present'),
(64, 4, 'present'),
(64, 5, 'absent'),
(64, 6, 'present'),
(64, 7, 'present'),
(64, 8, 'present'),
(64, 9, 'present'),
(64, 10, 'late'),
(65, 1, 'present'),
(65, 2, 'present'),
(65, 3, 'present'),
(65, 4, 'absent'),
(65, 5, 'absent'),
(65, 6, 'present'),
(65, 7, 'present'),
(65, 8, 'absent'),
(65, 9, 'present'),
(65, 10, 'absent'),
(66, 1, 'late'),
(66, 2, 'present'),
(66, 3, 'present'),
(66, 4, 'late'),
(66, 5, 'late'),
(66, 6, 'present'),
(66, 7, 'present'),
(66, 8, 'late'),
(66, 9, 'late'),
(66, 10, 'present'),
(67, 1, 'present'),
(67, 2, 'present'),
(67, 3, 'present'),
(67, 4, 'present'),
(67, 5, 'present'),
(67, 6, 'present'),
(67, 7, 'present'),
(67, 8, 'absent'),
(67, 9, 'present'),
(67, 10, 'absent'),
(68, 1, 'present'),
(68, 2, 'present'),
(68, 3, 'present'),
(68, 4, 'present'),
(68, 5, 'present'),
(68, 6, 'present'),
(68, 7, 'present'),
(68, 8, 'present'),
(68, 9, 'present'),
(68, 10, 'present'),
(69, 1, 'present'),
(69, 2, 'present'),
(69, 3, 'present'),
(69, 4, 'present'),
(69, 5, 'absent'),
(69, 6, 'late'),
(69, 7, 'present'),
(69, 8, 'present'),
(69, 9, 'present'),
(69, 10, 'absent'),
(70, 1, 'present'),
(70, 2, 'present'),
(70, 3, 'late'),
(70, 4, 'present'),
(70, 5, 'present'),
(70, 6, 'present'),
(70, 7, 'present'),
(70, 8, 'present'),
(70, 9, 'present'),
(70, 10, 'present'),
(71, 1, 'present'),
(71, 2, 'present'),
(71, 3, 'absent'),
(71, 4, 'present'),
(71, 5, 'present'),
(71, 6, 'absent'),
(71, 7, 'present'),
(71, 8, 'present'),
(71, 9, 'present'),
(71, 10, 'late'),
(72, 1, 'present'),
(72, 2, 'present'),
(72, 3, 'present'),
(72, 4, 'present'),
(72, 5, 'present'),
(72, 6, 'present'),
(72, 7, 'present'),
(72, 8, 'absent'),
(72, 9, 'late'),
(72, 10, 'present'),
(73, 1, 'absent'),
(73, 2, 'present'),
(73, 3, 'present'),
(73, 4, 'present'),
(73, 5, 'present'),
(73, 6, 'present'),
(73, 7, 'present'),
(73, 8, 'present'),
(73, 9, 'present'),
(73, 10, 'present');

-- ASSIGNMENT SUBMISSIONS
INSERT INTO assignment_submission (student_id, subject, title, score, max_score) VALUES
(1, 'Mathematics', 'Assignment 1', 74, 100),
(1, 'Mathematics', 'Assignment 2', 92, 100),
(1, 'Science', 'Assignment 1', 73, 100),
(1, 'Science', 'Assignment 2', 92, 100),
(1, 'English', 'Assignment 1', 97, 100),
(1, 'English', 'Assignment 2', 81, 100),
(2, 'Mathematics', 'Assignment 1', 99, 100),
(2, 'Mathematics', 'Assignment 2', 82, 100),
(2, 'Science', 'Assignment 1', 93, 100),
(2, 'Science', 'Assignment 2', 96, 100),
(2, 'English', 'Assignment 1', 86, 100),
(2, 'English', 'Assignment 2', 91, 100),
(3, 'Mathematics', 'Assignment 1', 81, 100),
(3, 'Mathematics', 'Assignment 2', 79, 100),
(3, 'Science', 'Assignment 1', 87, 100),
(3, 'Science', 'Assignment 2', 70, 100),
(3, 'English', 'Assignment 1', 79, 100),
(3, 'English', 'Assignment 2', 75, 100),
(4, 'Mathematics', 'Assignment 1', 93, 100),
(4, 'Mathematics', 'Assignment 2', 72, 100),
(4, 'Science', 'Assignment 1', 92, 100),
(4, 'Science', 'Assignment 2', 76, 100),
(4, 'English', 'Assignment 1', 97, 100),
(4, 'English', 'Assignment 2', 91, 100),
(5, 'Mathematics', 'Assignment 1', 75, 100),
(5, 'Mathematics', 'Assignment 2', 90, 100),
(5, 'Science', 'Assignment 1', 90, 100),
(5, 'Science', 'Assignment 2', 99, 100),
(5, 'English', 'Assignment 1', 100, 100),
(5, 'English', 'Assignment 2', 87, 100),
(6, 'Mathematics', 'Assignment 1', 83, 100),
(6, 'Mathematics', 'Assignment 2', 78, 100),
(6, 'Science', 'Assignment 1', 94, 100),
(6, 'Science', 'Assignment 2', 87, 100),
(6, 'English', 'Assignment 1', 79, 100),
(6, 'English', 'Assignment 2', 78, 100),
(7, 'Mathematics', 'Assignment 1', 85, 100),
(7, 'Mathematics', 'Assignment 2', 100, 100),
(7, 'Science', 'Assignment 1', 96, 100),
(7, 'Science', 'Assignment 2', 91, 100),
(7, 'English', 'Assignment 1', 88, 100),
(7, 'English', 'Assignment 2', 89, 100),
(8, 'Mathematics', 'Assignment 1', 72, 100),
(8, 'Mathematics', 'Assignment 2', 94, 100),
(8, 'Science', 'Assignment 1', 94, 100),
(8, 'Science', 'Assignment 2', 96, 100),
(8, 'English', 'Assignment 1', 89, 100),
(8, 'English', 'Assignment 2', 86, 100),
(9, 'Mathematics', 'Assignment 1', 80, 100),
(9, 'Mathematics', 'Assignment 2', 85, 100),
(9, 'Science', 'Assignment 1', 93, 100),
(9, 'Science', 'Assignment 2', 92, 100),
(9, 'English', 'Assignment 1', 99, 100),
(9, 'English', 'Assignment 2', 90, 100),
(10, 'Mathematics', 'Assignment 1', 87, 100),
(10, 'Mathematics', 'Assignment 2', 85, 100),
(10, 'Science', 'Assignment 1', 87, 100),
(10, 'Science', 'Assignment 2', 97, 100),
(10, 'English', 'Assignment 1', 78, 100),
(10, 'English', 'Assignment 2', 96, 100),
(11, 'Mathematics', 'Assignment 1', 83, 100),
(11, 'Mathematics', 'Assignment 2', 92, 100),
(11, 'Science', 'Assignment 1', 78, 100),
(11, 'Science', 'Assignment 2', 92, 100),
(11, 'English', 'Assignment 1', 83, 100),
(11, 'English', 'Assignment 2', 90, 100),
(12, 'Mathematics', 'Assignment 1', 78, 100),
(12, 'Mathematics', 'Assignment 2', 97, 100),
(12, 'Science', 'Assignment 1', 98, 100),
(12, 'Science', 'Assignment 2', 88, 100),
(12, 'English', 'Assignment 1', 98, 100),
(12, 'English', 'Assignment 2', 90, 100),
(13, 'Mathematics', 'Assignment 1', 88, 100),
(13, 'Mathematics', 'Assignment 2', 88, 100),
(13, 'Science', 'Assignment 1', 97, 100),
(13, 'Science', 'Assignment 2', 100, 100),
(13, 'English', 'Assignment 1', 96, 100),
(13, 'English', 'Assignment 2', 99, 100),
(14, 'Mathematics', 'Assignment 1', 95, 100),
(14, 'Mathematics', 'Assignment 2', 87, 100),
(14, 'Science', 'Assignment 1', 99, 100),
(14, 'Science', 'Assignment 2', 73, 100),
(14, 'English', 'Assignment 1', 78, 100),
(14, 'English', 'Assignment 2', 90, 100),
(15, 'Mathematics', 'Assignment 1', 72, 100),
(15, 'Mathematics', 'Assignment 2', 74, 100),
(15, 'Science', 'Assignment 1', 98, 100),
(15, 'Science', 'Assignment 2', 81, 100),
(15, 'English', 'Assignment 1', 95, 100),
(15, 'English', 'Assignment 2', 76, 100),
(16, 'Mathematics', 'Assignment 1', 94, 100),
(16, 'Mathematics', 'Assignment 2', 75, 100),
(16, 'Science', 'Assignment 1', 81, 100),
(16, 'Science', 'Assignment 2', 87, 100),
(16, 'English', 'Assignment 1', 83, 100),
(16, 'English', 'Assignment 2', 81, 100),
(17, 'Mathematics', 'Assignment 1', 77, 100),
(17, 'Mathematics', 'Assignment 2', 88, 100),
(17, 'Science', 'Assignment 1', 91, 100),
(17, 'Science', 'Assignment 2', 77, 100),
(17, 'English', 'Assignment 1', 75, 100),
(17, 'English', 'Assignment 2', 74, 100),
(18, 'Mathematics', 'Assignment 1', 94, 100),
(18, 'Mathematics', 'Assignment 2', 95, 100),
(18, 'Science', 'Assignment 1', 72, 100),
(18, 'Science', 'Assignment 2', 80, 100),
(18, 'English', 'Assignment 1', 76, 100),
(18, 'English', 'Assignment 2', 82, 100),
(19, 'Mathematics', 'Assignment 1', 86, 100),
(19, 'Mathematics', 'Assignment 2', 85, 100),
(19, 'Science', 'Assignment 1', 90, 100),
(19, 'Science', 'Assignment 2', 81, 100),
(19, 'English', 'Assignment 1', 100, 100),
(19, 'English', 'Assignment 2', 88, 100),
(20, 'Mathematics', 'Assignment 1', 90, 100),
(20, 'Mathematics', 'Assignment 2', 97, 100),
(20, 'Science', 'Assignment 1', 86, 100),
(20, 'Science', 'Assignment 2', 93, 100),
(20, 'English', 'Assignment 1', 81, 100),
(20, 'English', 'Assignment 2', 91, 100),
(21, 'Mathematics', 'Assignment 1', 83, 100),
(21, 'Mathematics', 'Assignment 2', 81, 100),
(21, 'Science', 'Assignment 1', 85, 100),
(21, 'Science', 'Assignment 2', 92, 100),
(21, 'English', 'Assignment 1', 90, 100),
(21, 'English', 'Assignment 2', 77, 100),
(22, 'Mathematics', 'Assignment 1', 82, 100),
(22, 'Mathematics', 'Assignment 2', 84, 100),
(22, 'Science', 'Assignment 1', 89, 100),
(22, 'Science', 'Assignment 2', 88, 100),
(22, 'English', 'Assignment 1', 89, 100),
(22, 'English', 'Assignment 2', 87, 100),
(23, 'Mathematics', 'Assignment 1', 73, 100),
(23, 'Mathematics', 'Assignment 2', 72, 100),
(23, 'Science', 'Assignment 1', 89, 100),
(23, 'Science', 'Assignment 2', 90, 100),
(23, 'English', 'Assignment 1', 79, 100),
(23, 'English', 'Assignment 2', 94, 100),
(24, 'Mathematics', 'Assignment 1', 96, 100),
(24, 'Mathematics', 'Assignment 2', 89, 100),
(24, 'Science', 'Assignment 1', 82, 100),
(24, 'Science', 'Assignment 2', 77, 100),
(24, 'English', 'Assignment 1', 83, 100),
(24, 'English', 'Assignment 2', 88, 100),
(25, 'Mathematics', 'Assignment 1', 77, 100),
(25, 'Mathematics', 'Assignment 2', 100, 100),
(25, 'Science', 'Assignment 1', 78, 100),
(25, 'Science', 'Assignment 2', 88, 100),
(25, 'English', 'Assignment 1', 98, 100),
(25, 'English', 'Assignment 2', 93, 100),
(26, 'Mathematics', 'Assignment 1', 96, 100),
(26, 'Mathematics', 'Assignment 2', 79, 100),
(26, 'Science', 'Assignment 1', 94, 100),
(26, 'Science', 'Assignment 2', 100, 100),
(26, 'English', 'Assignment 1', 97, 100),
(26, 'English', 'Assignment 2', 96, 100),
(27, 'Mathematics', 'Assignment 1', 70, 100),
(27, 'Mathematics', 'Assignment 2', 93, 100),
(27, 'Science', 'Assignment 1', 72, 100),
(27, 'Science', 'Assignment 2', 80, 100),
(27, 'English', 'Assignment 1', 85, 100),
(27, 'English', 'Assignment 2', 95, 100),
(28, 'Mathematics', 'Assignment 1', 92, 100),
(28, 'Mathematics', 'Assignment 2', 91, 100),
(28, 'Science', 'Assignment 1', 98, 100),
(28, 'Science', 'Assignment 2', 72, 100),
(28, 'English', 'Assignment 1', 93, 100),
(28, 'English', 'Assignment 2', 78, 100),
(29, 'Mathematics', 'Assignment 1', 95, 100),
(29, 'Mathematics', 'Assignment 2', 75, 100),
(29, 'Science', 'Assignment 1', 79, 100),
(29, 'Science', 'Assignment 2', 93, 100),
(29, 'English', 'Assignment 1', 100, 100),
(29, 'English', 'Assignment 2', 93, 100),
(30, 'Mathematics', 'Assignment 1', 84, 100),
(30, 'Mathematics', 'Assignment 2', 71, 100),
(30, 'Science', 'Assignment 1', 100, 100),
(30, 'Science', 'Assignment 2', 71, 100),
(30, 'English', 'Assignment 1', 84, 100),
(30, 'English', 'Assignment 2', 75, 100),
(31, 'Mathematics', 'Assignment 1', 99, 100),
(31, 'Mathematics', 'Assignment 2', 78, 100),
(31, 'Science', 'Assignment 1', 91, 100),
(31, 'Science', 'Assignment 2', 83, 100),
(31, 'English', 'Assignment 1', 73, 100),
(31, 'English', 'Assignment 2', 82, 100),
(32, 'Mathematics', 'Assignment 1', 74, 100),
(32, 'Mathematics', 'Assignment 2', 100, 100),
(32, 'Science', 'Assignment 1', 75, 100),
(32, 'Science', 'Assignment 2', 75, 100),
(32, 'English', 'Assignment 1', 77, 100),
(32, 'English', 'Assignment 2', 77, 100),
(33, 'Mathematics', 'Assignment 1', 100, 100),
(33, 'Mathematics', 'Assignment 2', 70, 100),
(33, 'Science', 'Assignment 1', 98, 100),
(33, 'Science', 'Assignment 2', 78, 100),
(33, 'English', 'Assignment 1', 79, 100),
(33, 'English', 'Assignment 2', 93, 100),
(34, 'Mathematics', 'Assignment 1', 75, 100),
(34, 'Mathematics', 'Assignment 2', 82, 100),
(34, 'Science', 'Assignment 1', 97, 100),
(34, 'Science', 'Assignment 2', 82, 100),
(34, 'English', 'Assignment 1', 90, 100),
(34, 'English', 'Assignment 2', 88, 100),
(35, 'Mathematics', 'Assignment 1', 86, 100),
(35, 'Mathematics', 'Assignment 2', 84, 100),
(35, 'Science', 'Assignment 1', 71, 100),
(35, 'Science', 'Assignment 2', 89, 100),
(35, 'English', 'Assignment 1', 88, 100),
(35, 'English', 'Assignment 2', 75, 100),
(36, 'Mathematics', 'Assignment 1', 80, 100),
(36, 'Mathematics', 'Assignment 2', 70, 100),
(36, 'Science', 'Assignment 1', 75, 100),
(36, 'Science', 'Assignment 2', 98, 100),
(36, 'English', 'Assignment 1', 79, 100),
(36, 'English', 'Assignment 2', 86, 100),
(37, 'Mathematics', 'Assignment 1', 79, 100),
(37, 'Mathematics', 'Assignment 2', 73, 100),
(37, 'Science', 'Assignment 1', 71, 100),
(37, 'Science', 'Assignment 2', 98, 100),
(37, 'English', 'Assignment 1', 83, 100),
(37, 'English', 'Assignment 2', 75, 100),
(38, 'Mathematics', 'Assignment 1', 95, 100),
(38, 'Mathematics', 'Assignment 2', 100, 100),
(38, 'Science', 'Assignment 1', 86, 100),
(38, 'Science', 'Assignment 2', 85, 100),
(38, 'English', 'Assignment 1', 88, 100),
(38, 'English', 'Assignment 2', 76, 100),
(39, 'Mathematics', 'Assignment 1', 84, 100),
(39, 'Mathematics', 'Assignment 2', 94, 100),
(39, 'Science', 'Assignment 1', 98, 100),
(39, 'Science', 'Assignment 2', 87, 100),
(39, 'English', 'Assignment 1', 92, 100),
(39, 'English', 'Assignment 2', 84, 100),
(40, 'Mathematics', 'Assignment 1', 81, 100),
(40, 'Mathematics', 'Assignment 2', 76, 100),
(40, 'Science', 'Assignment 1', 92, 100),
(40, 'Science', 'Assignment 2', 71, 100),
(40, 'English', 'Assignment 1', 84, 100),
(40, 'English', 'Assignment 2', 72, 100),
(41, 'Mathematics', 'Assignment 1', 87, 100),
(41, 'Mathematics', 'Assignment 2', 81, 100),
(41, 'Science', 'Assignment 1', 91, 100),
(41, 'Science', 'Assignment 2', 95, 100),
(41, 'English', 'Assignment 1', 70, 100),
(41, 'English', 'Assignment 2', 81, 100),
(42, 'Mathematics', 'Assignment 1', 80, 100),
(42, 'Mathematics', 'Assignment 2', 94, 100),
(42, 'Science', 'Assignment 1', 89, 100),
(42, 'Science', 'Assignment 2', 91, 100),
(42, 'English', 'Assignment 1', 73, 100),
(42, 'English', 'Assignment 2', 82, 100),
(43, 'Mathematics', 'Assignment 1', 82, 100),
(43, 'Mathematics', 'Assignment 2', 78, 100),
(43, 'Science', 'Assignment 1', 90, 100),
(43, 'Science', 'Assignment 2', 89, 100),
(43, 'English', 'Assignment 1', 97, 100),
(43, 'English', 'Assignment 2', 94, 100),
(44, 'Mathematics', 'Assignment 1', 80, 100),
(44, 'Mathematics', 'Assignment 2', 84, 100),
(44, 'Science', 'Assignment 1', 83, 100),
(44, 'Science', 'Assignment 2', 98, 100),
(44, 'English', 'Assignment 1', 100, 100),
(44, 'English', 'Assignment 2', 100, 100),
(45, 'Mathematics', 'Assignment 1', 99, 100),
(45, 'Mathematics', 'Assignment 2', 99, 100),
(45, 'Science', 'Assignment 1', 94, 100),
(45, 'Science', 'Assignment 2', 94, 100),
(45, 'English', 'Assignment 1', 85, 100),
(45, 'English', 'Assignment 2', 71, 100),
(46, 'Mathematics', 'Assignment 1', 70, 100),
(46, 'Mathematics', 'Assignment 2', 90, 100),
(46, 'Science', 'Assignment 1', 90, 100),
(46, 'Science', 'Assignment 2', 94, 100),
(46, 'English', 'Assignment 1', 98, 100),
(46, 'English', 'Assignment 2', 77, 100),
(47, 'Mathematics', 'Assignment 1', 76, 100),
(47, 'Mathematics', 'Assignment 2', 95, 100),
(47, 'Science', 'Assignment 1', 74, 100),
(47, 'Science', 'Assignment 2', 86, 100),
(47, 'English', 'Assignment 1', 70, 100),
(47, 'English', 'Assignment 2', 86, 100),
(48, 'Mathematics', 'Assignment 1', 78, 100),
(48, 'Mathematics', 'Assignment 2', 88, 100),
(48, 'Science', 'Assignment 1', 98, 100),
(48, 'Science', 'Assignment 2', 92, 100),
(48, 'English', 'Assignment 1', 79, 100),
(48, 'English', 'Assignment 2', 79, 100),
(49, 'Mathematics', 'Assignment 1', 71, 100),
(49, 'Mathematics', 'Assignment 2', 99, 100),
(49, 'Science', 'Assignment 1', 73, 100),
(49, 'Science', 'Assignment 2', 82, 100),
(49, 'English', 'Assignment 1', 97, 100),
(49, 'English', 'Assignment 2', 90, 100),
(50, 'Mathematics', 'Assignment 1', 100, 100),
(50, 'Mathematics', 'Assignment 2', 75, 100),
(50, 'Science', 'Assignment 1', 86, 100),
(50, 'Science', 'Assignment 2', 84, 100),
(50, 'English', 'Assignment 1', 100, 100),
(50, 'English', 'Assignment 2', 89, 100),
(51, 'Mathematics', 'Assignment 1', 82, 100),
(51, 'Mathematics', 'Assignment 2', 98, 100),
(51, 'Science', 'Assignment 1', 79, 100),
(51, 'Science', 'Assignment 2', 71, 100),
(51, 'English', 'Assignment 1', 89, 100),
(51, 'English', 'Assignment 2', 86, 100),
(52, 'Mathematics', 'Assignment 1', 97, 100),
(52, 'Mathematics', 'Assignment 2', 81, 100),
(52, 'Science', 'Assignment 1', 90, 100),
(52, 'Science', 'Assignment 2', 100, 100),
(52, 'English', 'Assignment 1', 88, 100),
(52, 'English', 'Assignment 2', 98, 100),
(53, 'Mathematics', 'Assignment 1', 94, 100),
(53, 'Mathematics', 'Assignment 2', 91, 100),
(53, 'Science', 'Assignment 1', 81, 100),
(53, 'Science', 'Assignment 2', 96, 100),
(53, 'English', 'Assignment 1', 79, 100),
(53, 'English', 'Assignment 2', 90, 100),
(54, 'Mathematics', 'Assignment 1', 84, 100),
(54, 'Mathematics', 'Assignment 2', 75, 100),
(54, 'Science', 'Assignment 1', 77, 100),
(54, 'Science', 'Assignment 2', 77, 100),
(54, 'English', 'Assignment 1', 97, 100),
(54, 'English', 'Assignment 2', 90, 100),
(55, 'Mathematics', 'Assignment 1', 82, 100),
(55, 'Mathematics', 'Assignment 2', 83, 100),
(55, 'Science', 'Assignment 1', 99, 100),
(55, 'Science', 'Assignment 2', 100, 100),
(55, 'English', 'Assignment 1', 87, 100),
(55, 'English', 'Assignment 2', 73, 100),
(56, 'Mathematics', 'Assignment 1', 79, 100),
(56, 'Mathematics', 'Assignment 2', 77, 100),
(56, 'Science', 'Assignment 1', 92, 100),
(56, 'Science', 'Assignment 2', 97, 100),
(56, 'English', 'Assignment 1', 80, 100),
(56, 'English', 'Assignment 2', 82, 100),
(57, 'Mathematics', 'Assignment 1', 72, 100),
(57, 'Mathematics', 'Assignment 2', 94, 100),
(57, 'Science', 'Assignment 1', 93, 100),
(57, 'Science', 'Assignment 2', 94, 100),
(57, 'English', 'Assignment 1', 79, 100),
(57, 'English', 'Assignment 2', 95, 100),
(58, 'Mathematics', 'Assignment 1', 70, 100),
(58, 'Mathematics', 'Assignment 2', 93, 100),
(58, 'Science', 'Assignment 1', 92, 100),
(58, 'Science', 'Assignment 2', 80, 100),
(58, 'English', 'Assignment 1', 96, 100),
(58, 'English', 'Assignment 2', 81, 100),
(59, 'Mathematics', 'Assignment 1', 71, 100),
(59, 'Mathematics', 'Assignment 2', 88, 100),
(59, 'Science', 'Assignment 1', 83, 100),
(59, 'Science', 'Assignment 2', 94, 100),
(59, 'English', 'Assignment 1', 81, 100),
(59, 'English', 'Assignment 2', 74, 100),
(60, 'Mathematics', 'Assignment 1', 79, 100),
(60, 'Mathematics', 'Assignment 2', 94, 100),
(60, 'Science', 'Assignment 1', 71, 100),
(60, 'Science', 'Assignment 2', 79, 100),
(60, 'English', 'Assignment 1', 73, 100),
(60, 'English', 'Assignment 2', 80, 100),
(61, 'Mathematics', 'Assignment 1', 86, 100),
(61, 'Mathematics', 'Assignment 2', 83, 100),
(61, 'Science', 'Assignment 1', 83, 100),
(61, 'Science', 'Assignment 2', 84, 100),
(61, 'English', 'Assignment 1', 96, 100),
(61, 'English', 'Assignment 2', 95, 100),
(62, 'Mathematics', 'Assignment 1', 76, 100),
(62, 'Mathematics', 'Assignment 2', 88, 100),
(62, 'Science', 'Assignment 1', 70, 100),
(62, 'Science', 'Assignment 2', 89, 100),
(62, 'English', 'Assignment 1', 75, 100),
(62, 'English', 'Assignment 2', 75, 100),
(63, 'Mathematics', 'Assignment 1', 77, 100),
(63, 'Mathematics', 'Assignment 2', 81, 100),
(63, 'Science', 'Assignment 1', 91, 100),
(63, 'Science', 'Assignment 2', 97, 100),
(63, 'English', 'Assignment 1', 90, 100),
(63, 'English', 'Assignment 2', 80, 100),
(64, 'Mathematics', 'Assignment 1', 97, 100),
(64, 'Mathematics', 'Assignment 2', 87, 100),
(64, 'Science', 'Assignment 1', 79, 100),
(64, 'Science', 'Assignment 2', 90, 100),
(64, 'English', 'Assignment 1', 89, 100),
(64, 'English', 'Assignment 2', 72, 100),
(65, 'Mathematics', 'Assignment 1', 89, 100),
(65, 'Mathematics', 'Assignment 2', 71, 100),
(65, 'Science', 'Assignment 1', 76, 100),
(65, 'Science', 'Assignment 2', 84, 100),
(65, 'English', 'Assignment 1', 98, 100),
(65, 'English', 'Assignment 2', 79, 100),
(66, 'Mathematics', 'Assignment 1', 83, 100),
(66, 'Mathematics', 'Assignment 2', 82, 100),
(66, 'Science', 'Assignment 1', 100, 100),
(66, 'Science', 'Assignment 2', 89, 100),
(66, 'English', 'Assignment 1', 70, 100),
(66, 'English', 'Assignment 2', 92, 100),
(67, 'Mathematics', 'Assignment 1', 97, 100),
(67, 'Mathematics', 'Assignment 2', 87, 100),
(67, 'Science', 'Assignment 1', 91, 100),
(67, 'Science', 'Assignment 2', 75, 100),
(67, 'English', 'Assignment 1', 100, 100),
(67, 'English', 'Assignment 2', 100, 100),
(68, 'Mathematics', 'Assignment 1', 94, 100),
(68, 'Mathematics', 'Assignment 2', 96, 100),
(68, 'Science', 'Assignment 1', 82, 100),
(68, 'Science', 'Assignment 2', 97, 100),
(68, 'English', 'Assignment 1', 98, 100),
(68, 'English', 'Assignment 2', 82, 100),
(69, 'Mathematics', 'Assignment 1', 95, 100),
(69, 'Mathematics', 'Assignment 2', 94, 100),
(69, 'Science', 'Assignment 1', 82, 100),
(69, 'Science', 'Assignment 2', 91, 100),
(69, 'English', 'Assignment 1', 83, 100),
(69, 'English', 'Assignment 2', 73, 100),
(70, 'Mathematics', 'Assignment 1', 73, 100),
(70, 'Mathematics', 'Assignment 2', 80, 100),
(70, 'Science', 'Assignment 1', 98, 100),
(70, 'Science', 'Assignment 2', 78, 100),
(70, 'English', 'Assignment 1', 79, 100),
(70, 'English', 'Assignment 2', 71, 100),
(71, 'Mathematics', 'Assignment 1', 98, 100),
(71, 'Mathematics', 'Assignment 2', 80, 100),
(71, 'Science', 'Assignment 1', 79, 100),
(71, 'Science', 'Assignment 2', 76, 100),
(71, 'English', 'Assignment 1', 70, 100),
(71, 'English', 'Assignment 2', 73, 100),
(72, 'Mathematics', 'Assignment 1', 85, 100),
(72, 'Mathematics', 'Assignment 2', 71, 100),
(72, 'Science', 'Assignment 1', 77, 100),
(72, 'Science', 'Assignment 2', 81, 100),
(72, 'English', 'Assignment 1', 100, 100),
(72, 'English', 'Assignment 2', 77, 100),
(73, 'Mathematics', 'Assignment 1', 71, 100),
(73, 'Mathematics', 'Assignment 2', 80, 100),
(73, 'Science', 'Assignment 1', 93, 100),
(73, 'Science', 'Assignment 2', 78, 100),
(73, 'English', 'Assignment 1', 83, 100),
(73, 'English', 'Assignment 2', 81, 100);

-- TESTS
INSERT INTO tests (student_id, title, questions, answers, score, max_score, submitted) VALUES
(1, 'Midterm Exam', '[]', '[]', 39, 50, true),
(2, 'Midterm Exam', '[]', '[]', 39, 50, true),
(3, 'Midterm Exam', '[]', '[]', 46, 50, true),
(4, 'Midterm Exam', '[]', '[]', 49, 50, true),
(5, 'Midterm Exam', '[]', '[]', 36, 50, true),
(6, 'Midterm Exam', '[]', '[]', 41, 50, true),
(7, 'Midterm Exam', '[]', '[]', 40, 50, true),
(8, 'Midterm Exam', '[]', '[]', 35, 50, true),
(9, 'Midterm Exam', '[]', '[]', 44, 50, true),
(10, 'Midterm Exam', '[]', '[]', 39, 50, true),
(11, 'Midterm Exam', '[]', '[]', 40, 50, true),
(12, 'Midterm Exam', '[]', '[]', 45, 50, true),
(13, 'Midterm Exam', '[]', '[]', 42, 50, true),
(14, 'Midterm Exam', '[]', '[]', 36, 50, true),
(15, 'Midterm Exam', '[]', '[]', 37, 50, true),
(16, 'Midterm Exam', '[]', '[]', 41, 50, true),
(17, 'Midterm Exam', '[]', '[]', 42, 50, true),
(18, 'Midterm Exam', '[]', '[]', 49, 50, true),
(19, 'Midterm Exam', '[]', '[]', 44, 50, true),
(20, 'Midterm Exam', '[]', '[]', 45, 50, true),
(21, 'Midterm Exam', '[]', '[]', 38, 50, true),
(22, 'Midterm Exam', '[]', '[]', 49, 50, true),
(23, 'Midterm Exam', '[]', '[]', 47, 50, true),
(24, 'Midterm Exam', '[]', '[]', 47, 50, true),
(25, 'Midterm Exam', '[]', '[]', 43, 50, true),
(26, 'Midterm Exam', '[]', '[]', 38, 50, true),
(27, 'Midterm Exam', '[]', '[]', 50, 50, true),
(28, 'Midterm Exam', '[]', '[]', 50, 50, true),
(29, 'Midterm Exam', '[]', '[]', 35, 50, true),
(30, 'Midterm Exam', '[]', '[]', 47, 50, true),
(31, 'Midterm Exam', '[]', '[]', 40, 50, true),
(32, 'Midterm Exam', '[]', '[]', 44, 50, true),
(33, 'Midterm Exam', '[]', '[]', 38, 50, true),
(34, 'Midterm Exam', '[]', '[]', 35, 50, true),
(35, 'Midterm Exam', '[]', '[]', 35, 50, true),
(36, 'Midterm Exam', '[]', '[]', 36, 50, true),
(37, 'Midterm Exam', '[]', '[]', 38, 50, true),
(38, 'Midterm Exam', '[]', '[]', 38, 50, true),
(39, 'Midterm Exam', '[]', '[]', 37, 50, true),
(40, 'Midterm Exam', '[]', '[]', 37, 50, true),
(41, 'Midterm Exam', '[]', '[]', 35, 50, true),
(42, 'Midterm Exam', '[]', '[]', 45, 50, true),
(43, 'Midterm Exam', '[]', '[]', 40, 50, true),
(44, 'Midterm Exam', '[]', '[]', 48, 50, true),
(45, 'Midterm Exam', '[]', '[]', 44, 50, true),
(46, 'Midterm Exam', '[]', '[]', 37, 50, true),
(47, 'Midterm Exam', '[]', '[]', 38, 50, true),
(48, 'Midterm Exam', '[]', '[]', 37, 50, true),
(49, 'Midterm Exam', '[]', '[]', 39, 50, true),
(50, 'Midterm Exam', '[]', '[]', 47, 50, true),
(51, 'Midterm Exam', '[]', '[]', 35, 50, true),
(52, 'Midterm Exam', '[]', '[]', 47, 50, true),
(53, 'Midterm Exam', '[]', '[]', 44, 50, true),
(54, 'Midterm Exam', '[]', '[]', 38, 50, true),
(55, 'Midterm Exam', '[]', '[]', 46, 50, true),
(56, 'Midterm Exam', '[]', '[]', 38, 50, true),
(57, 'Midterm Exam', '[]', '[]', 46, 50, true),
(58, 'Midterm Exam', '[]', '[]', 47, 50, true),
(59, 'Midterm Exam', '[]', '[]', 40, 50, true),
(60, 'Midterm Exam', '[]', '[]', 41, 50, true),
(61, 'Midterm Exam', '[]', '[]', 43, 50, true),
(62, 'Midterm Exam', '[]', '[]', 47, 50, true),
(63, 'Midterm Exam', '[]', '[]', 50, 50, true),
(64, 'Midterm Exam', '[]', '[]', 45, 50, true),
(65, 'Midterm Exam', '[]', '[]', 38, 50, true),
(66, 'Midterm Exam', '[]', '[]', 47, 50, true),
(67, 'Midterm Exam', '[]', '[]', 35, 50, true),
(68, 'Midterm Exam', '[]', '[]', 40, 50, true),
(69, 'Midterm Exam', '[]', '[]', 35, 50, true),
(70, 'Midterm Exam', '[]', '[]', 43, 50, true),
(71, 'Midterm Exam', '[]', '[]', 35, 50, true),
(72, 'Midterm Exam', '[]', '[]', 38, 50, true),
(73, 'Midterm Exam', '[]', '[]', 38, 50, true);

-- TEST ATTEMPTS
INSERT INTO test_attempt (test_id, student_id, selected_answers, score, total, percentage, duration_seconds) VALUES
(1, 1, '[]', 49, 50, 98.0, 1800),
(2, 2, '[]', 36, 50, 72.0, 1800),
(3, 3, '[]', 39, 50, 78.0, 1800),
(4, 4, '[]', 42, 50, 84.0, 1800),
(5, 5, '[]', 48, 50, 96.0, 1800),
(6, 6, '[]', 40, 50, 80.0, 1800),
(7, 7, '[]', 44, 50, 88.0, 1800),
(8, 8, '[]', 39, 50, 78.0, 1800),
(9, 9, '[]', 39, 50, 78.0, 1800),
(10, 10, '[]', 37, 50, 74.0, 1800),
(11, 11, '[]', 43, 50, 86.0, 1800),
(12, 12, '[]', 38, 50, 76.0, 1800),
(13, 13, '[]', 42, 50, 84.0, 1800),
(14, 14, '[]', 36, 50, 72.0, 1800),
(15, 15, '[]', 43, 50, 86.0, 1800),
(16, 16, '[]', 45, 50, 90.0, 1800),
(17, 17, '[]', 50, 50, 100.0, 1800),
(18, 18, '[]', 37, 50, 74.0, 1800),
(19, 19, '[]', 44, 50, 88.0, 1800),
(20, 20, '[]', 37, 50, 74.0, 1800),
(21, 21, '[]', 50, 50, 100.0, 1800),
(22, 22, '[]', 43, 50, 86.0, 1800),
(23, 23, '[]', 49, 50, 98.0, 1800),
(24, 24, '[]', 36, 50, 72.0, 1800),
(25, 25, '[]', 47, 50, 94.0, 1800),
(26, 26, '[]', 47, 50, 94.0, 1800),
(27, 27, '[]', 39, 50, 78.0, 1800),
(28, 28, '[]', 46, 50, 92.0, 1800),
(29, 29, '[]', 43, 50, 86.0, 1800),
(30, 30, '[]', 40, 50, 80.0, 1800),
(31, 31, '[]', 44, 50, 88.0, 1800),
(32, 32, '[]', 42, 50, 84.0, 1800),
(33, 33, '[]', 43, 50, 86.0, 1800),
(34, 34, '[]', 48, 50, 96.0, 1800),
(35, 35, '[]', 40, 50, 80.0, 1800),
(36, 36, '[]', 49, 50, 98.0, 1800),
(37, 37, '[]', 43, 50, 86.0, 1800),
(38, 38, '[]', 38, 50, 76.0, 1800),
(39, 39, '[]', 40, 50, 80.0, 1800),
(40, 40, '[]', 44, 50, 88.0, 1800),
(41, 41, '[]', 44, 50, 88.0, 1800),
(42, 42, '[]', 48, 50, 96.0, 1800),
(43, 43, '[]', 47, 50, 94.0, 1800),
(44, 44, '[]', 45, 50, 90.0, 1800),
(45, 45, '[]', 46, 50, 92.0, 1800),
(46, 46, '[]', 38, 50, 76.0, 1800),
(47, 47, '[]', 47, 50, 94.0, 1800),
(48, 48, '[]', 36, 50, 72.0, 1800),
(49, 49, '[]', 39, 50, 78.0, 1800),
(50, 50, '[]', 45, 50, 90.0, 1800),
(51, 51, '[]', 36, 50, 72.0, 1800),
(52, 52, '[]', 37, 50, 74.0, 1800),
(53, 53, '[]', 39, 50, 78.0, 1800),
(54, 54, '[]', 40, 50, 80.0, 1800),
(55, 55, '[]', 47, 50, 94.0, 1800),
(56, 56, '[]', 46, 50, 92.0, 1800),
(57, 57, '[]', 46, 50, 92.0, 1800),
(58, 58, '[]', 42, 50, 84.0, 1800),
(59, 59, '[]', 41, 50, 82.0, 1800),
(60, 60, '[]', 49, 50, 98.0, 1800),
(61, 61, '[]', 43, 50, 86.0, 1800),
(62, 62, '[]', 47, 50, 94.0, 1800),
(63, 63, '[]', 39, 50, 78.0, 1800),
(64, 64, '[]', 47, 50, 94.0, 1800),
(65, 65, '[]', 50, 50, 100.0, 1800),
(66, 66, '[]', 41, 50, 82.0, 1800),
(67, 67, '[]', 48, 50, 96.0, 1800),
(68, 68, '[]', 38, 50, 76.0, 1800),
(69, 69, '[]', 43, 50, 86.0, 1800),
(70, 70, '[]', 48, 50, 96.0, 1800),
(71, 71, '[]', 44, 50, 88.0, 1800),
(72, 72, '[]', 42, 50, 84.0, 1800),
(73, 73, '[]', 48, 50, 96.0, 1800);
